{"cameraMode":{"drawMode":0,"name":"Shaded","section":"Shading Mode"},"sceneLighting":false,"audioPlay":false,"sceneViewState":{"showFog":true,"showMaterialUpdate":false,"showSkybox":false,"showFlares":true,"showImageEffects":true,"showParticleSystems":true},"in2DMode":false,"pivot":{"x":-10.422037124633789,"y":1.1841942071914673,"z":-1.8575376272201539},"rotation":{"x":0.0432581901550293,"y":-0.951015293598175,"z":0.26320120692253115,"w":0.15630410611629487},"size":9.590396881103516,"orthographic":false}