{"cameraMode":{"drawMode":0,"name":"Shaded","section":"Shading Mode"},"sceneLighting":false,"audioPlay":false,"sceneViewState":{"showFog":true,"showMaterialUpdate":false,"showSkybox":false,"showFlares":true,"showImageEffects":true,"showParticleSystems":true},"in2DMode":false,"pivot":{"x":-3.0615577697753908,"y":1.0754061937332154,"z":0.340981125831604},"rotation":{"x":0.07986713945865631,"y":-0.9139146208763123,"z":0.33153510093688967,"w":0.22016474604606629},"size":5.776045799255371,"orthographic":false}