{"cameraMode":{"drawMode":0,"name":"Shaded","section":"Shading Mode"},"sceneLighting":true,"audioPlay":false,"sceneViewState":{"showFog":true,"showMaterialUpdate":false,"showSkybox":false,"showFlares":true,"showImageEffects":true,"showParticleSystems":true},"in2DMode":false,"pivot":{"x":-32.989501953125,"y":-15.440733909606934,"z":0.3846815824508667},"rotation":{"x":0.1874798834323883,"y":-0.6920637488365173,"z":0.19377197325229646,"w":0.6695945262908936},"size":47.23155975341797,"orthographic":false}