{"cameraMode":{"drawMode":0,"name":"Shaded","section":"Shading Mode"},"sceneLighting":true,"audioPlay":false,"sceneViewState":{"showFog":true,"showMaterialUpdate":false,"showSkybox":false,"showFlares":true,"showImageEffects":true,"showParticleSystems":true},"in2DMode":false,"pivot":{"x":-1695.0079345703125,"y":66.23287963867188,"z":155.0923309326172},"rotation":{"x":-0.05538560450077057,"y":0.6805337071418762,"z":-0.04790155962109566,"w":-0.729478657245636},"size":2304.1455078125,"orthographic":false}