{"cameraMode":{"drawMode":0,"name":"Shaded","section":"Shading Mode"},"sceneLighting":true,"audioPlay":false,"sceneViewState":{"showFog":true,"showMaterialUpdate":false,"showSkybox":false,"showFlares":true,"showImageEffects":true,"showParticleSystems":true},"in2DMode":false,"pivot":{"x":-40.578338623046878,"y":0.6485738754272461,"z":-18.95176124572754},"rotation":{"x":0.16443489491939546,"y":-0.7086051106452942,"z":0.1756627857685089,"w":0.6633155345916748},"size":76.8498306274414,"orthographic":false}